City_ID,City,Country,Date,Lat,Lng,Max Temp,Humidity,Cloudiness,Wind Speed
0,Coihaique,CL,2022-07-16 22:07:41,-45.5752,-72.0662,36.21,80,100,4.61
1,Mahebourg,MU,2022-07-16 22:07:42,-20.4081,57.7,66.25,73,58,17.0
2,Lasa,IT,2022-07-16 22:07:42,46.6166,10.7002,62.53,82,0,4.92
3,Rio Gallegos,AR,2022-07-16 22:07:43,-51.6226,-69.2181,33.85,93,40,5.75
4,Port Alfred,ZA,2022-07-16 22:04:27,-33.5906,26.891,67.17,42,1,8.46
5,Ushuaia,AR,2022-07-16 22:07:43,-54.8,-68.3,38.86,65,40,8.05
6,Tchollire,CM,2022-07-16 22:07:44,8.4022,14.1698,72.43,95,100,2.59
7,Vila Franca Do Campo,PT,2022-07-16 22:07:44,37.7167,-25.4333,70.21,89,2,6.69
8,Den Helder,NL,2022-07-16 22:07:45,52.9599,4.7593,58.01,85,100,2.3
9,Ribeira Grande,PT,2022-07-16 22:05:24,38.5167,-28.7,71.8,86,1,5.86
10,Sawakin,SD,2022-07-16 22:07:46,19.1059,37.3321,88.5,45,52,5.64
11,Itarema,BR,2022-07-16 22:07:46,-2.9248,-39.9167,79.14,80,9,15.19
12,Iqaluit,CA,2022-07-16 22:07:47,63.7506,-68.5145,63.7,45,100,18.01
13,Los Llanos De Aridane,ES,2022-07-16 22:07:47,28.6585,-17.9182,67.75,93,100,16.11
14,Waddan,LY,2022-07-16 22:07:48,29.1614,16.139,78.53,43,0,15.48
15,Skjervoy,NO,2022-07-16 22:07:49,70.0311,20.9714,51.8,98,100,8.37
16,Carnarvon,AU,2022-07-16 22:07:31,-24.8667,113.6333,66.85,55,98,8.01
17,Saint George,US,2022-07-16 22:03:53,37.1041,-113.5841,109.8,16,0,6.91
18,Carauari,BR,2022-07-16 22:07:50,-4.8828,-66.8958,80.01,80,79,1.32
19,Port Elizabeth,ZA,2022-07-16 22:07:50,-33.918,25.5701,65.71,35,21,10.31
20,Katrineholm,SE,2022-07-16 22:07:51,58.9959,16.2072,55.29,73,100,2.71
21,Lagoa,PT,2022-07-16 22:07:51,39.05,-27.9833,70.02,89,0,8.72
22,Cayenne,GF,2022-07-16 22:06:50,4.9333,-52.3333,83.08,1,0,2.3
23,Arraial Do Cabo,BR,2022-07-16 22:05:35,-22.9661,-42.0278,75.06,69,0,12.66
24,Cochrane,CA,2022-07-16 22:07:52,51.1834,-114.4687,85.91,52,0,16.11
25,Beloha,MG,2022-07-16 22:07:53,-25.1667,45.05,65.16,84,7,14.56
26,Tasiilaq,GL,2022-07-16 22:06:41,65.6145,-37.6368,48.36,66,98,1.95
27,Blagoveshchenka,RU,2022-07-16 22:07:54,52.8333,79.8667,61.79,77,99,3.51
28,Guantanamo,CU,2022-07-16 22:07:55,20.1444,-75.2092,85.57,65,100,9.19
29,Maarianhamina,AX,2022-07-16 22:07:56,60.0973,19.9348,55.26,82,40,6.91
30,Longyearbyen,SJ,2022-07-16 22:07:56,78.2186,15.6401,55.24,62,0,11.5
31,Hermanus,ZA,2022-07-16 22:05:26,-34.4187,19.2345,58.8,50,76,8.21
32,Souillac,MU,2022-07-16 22:07:57,-20.5167,57.5167,69.1,76,46,14.81
33,Henties Bay,NA,2022-07-16 22:07:57,-22.116,14.2845,64.76,51,0,2.68
34,Judaberg,NO,2022-07-16 22:07:58,59.1659,5.8732,54.18,75,78,12.37
35,Nouadhibou,MR,2022-07-16 22:07:58,20.931,-17.0347,68.04,91,17,25.95
36,Kilindoni,TZ,2022-07-16 22:07:59,-7.9139,39.6668,76.14,72,54,17.4
37,Chapais,CA,2022-07-16 22:07:59,49.7834,-74.8492,71.65,49,78,9.66
38,Jamestown,US,2022-07-16 22:08:00,42.097,-79.2353,80.24,48,20,11.5
39,Port-Cartier,CA,2022-07-16 22:08:00,50.0334,-66.8654,65.71,77,100,8.19
40,Abu Samrah,SY,2022-07-16 22:08:01,35.3029,37.1841,72.84,67,0,9.75
41,Georgetown,MY,2022-07-16 22:04:28,5.4112,100.3354,82.33,88,20,3.44
42,Cape Town,ZA,2022-07-16 22:03:23,-33.9258,18.4232,66.38,44,55,3.0
43,Sorkjosen,NO,2022-07-16 22:08:02,69.8,20.9333,51.8,82,100,6.91
44,Inongo,CD,2022-07-16 22:08:02,-1.95,18.2667,73.56,72,96,4.07
45,Groa,NO,2022-07-16 22:08:19,62.65,8.7167,49.84,89,99,3.65
46,Caravelas,BR,2022-07-16 22:08:19,-17.7125,-39.2481,70.16,87,4,4.54
47,Hithadhoo,MV,2022-07-16 22:08:19,-0.6,73.0833,82.63,78,54,14.74
48,Castro,BR,2022-07-16 22:08:20,-24.7911,-50.0119,70.93,52,78,12.48
49,La Plata,AR,2022-07-16 22:04:08,-34.9215,-57.9545,50.04,58,100,14.34
50,Torbay,CA,2022-07-16 22:08:21,47.6666,-52.7314,69.89,61,31,15.35
51,Diffa,NE,2022-07-16 22:08:21,13.3154,12.6113,81.16,65,92,5.57
52,Usinsk,RU,2022-07-16 22:08:21,65.9939,57.5281,65.26,92,100,5.01
53,Busselton,AU,2022-07-16 22:04:27,-33.65,115.3333,56.37,75,95,8.03
54,Grand Gaube,MU,2022-07-16 22:08:22,-20.0064,57.6608,66.38,77,4,4.0
55,Edea,CM,2022-07-16 22:08:23,3.8,10.1333,72.28,98,63,1.23
56,Zlitan,LY,2022-07-16 22:08:23,32.4674,14.5687,77.52,68,0,9.19
57,Laja,CL,2022-07-16 22:08:24,-37.2667,-72.7,44.89,85,100,5.46
58,Nanortalik,GL,2022-07-16 22:08:24,60.1432,-45.2371,43.3,81,41,5.97
59,Clyde River,CA,2022-07-16 22:08:25,70.4692,-68.5914,43.97,61,100,3.06
60,Kristiansund,NO,2022-07-16 22:08:25,63.1115,7.732,51.85,81,100,8.05
61,Puerto Cabello,VE,2022-07-16 22:08:25,10.4731,-68.0125,78.73,87,81,9.71
62,Akdepe,TM,2022-07-16 22:08:26,42.0551,59.3788,86.36,16,0,8.68
63,Dikson,RU,2022-07-16 22:08:26,73.5069,80.5464,47.66,69,38,7.18
64,Berlevag,NO,2022-07-16 22:08:27,70.8578,29.0864,51.8,93,100,16.11
65,Koungou,YT,2022-07-16 22:08:27,-12.7336,45.2042,73.11,88,0,8.05
66,Bredasdorp,ZA,2022-07-16 22:06:19,-34.5322,20.0403,60.84,36,99,6.17
67,Stykkisholmur,IS,2022-07-16 22:08:28,65.0757,-22.7297,49.93,95,100,5.5
68,Natal,BR,2022-07-16 22:06:02,-5.795,-35.2094,74.05,100,75,4.61
69,Hambantota,LK,2022-07-16 22:07:53,6.1241,81.1185,79.14,100,20,8.05
70,Bambous Virieux,MU,2022-07-16 22:08:29,-20.3428,57.7575,66.22,72,65,17.38
71,Victoria,HK,2022-07-16 22:07:33,22.2855,114.1577,86.38,87,100,11.01
72,Torrox,ES,2022-07-16 22:08:29,36.7579,-3.9523,81.41,48,0,3.0
73,Thompson,CA,2022-07-16 22:04:16,55.7435,-97.8558,91.4,22,99,2.26
74,Biskupiec,PL,2022-07-16 22:08:30,53.8647,20.9569,51.62,99,99,5.7
75,Vyazma,RU,2022-07-16 22:08:30,55.2104,34.2951,53.85,78,100,4.05
76,Balkanabat,TM,2022-07-16 22:08:31,39.5108,54.3671,95.09,12,0,11.3
77,Kambove,CD,2022-07-16 22:08:32,-10.8764,26.5969,57.07,52,1,5.32
78,Kargasok,RU,2022-07-16 22:08:33,59.0556,80.8572,51.82,93,99,6.08
79,Punta Arenas,CL,2022-07-16 22:04:15,-53.15,-70.9167,35.71,75,75,9.22
80,Mar Del Plata,AR,2022-07-16 22:06:44,-38.0023,-57.5575,48.09,74,100,7.0
81,La Rioja,ES,2022-07-16 22:08:34,42.25,-2.5,73.18,33,67,3.56
82,Narsaq,GL,2022-07-16 22:08:34,60.9167,-46.05,50.22,77,91,5.03
83,Riberalta,BO,2022-07-16 22:08:35,-10.9833,-66.1,83.68,61,100,1.83
84,Rock Hill,US,2022-07-16 22:05:24,34.9249,-81.0251,87.78,66,0,3.44
85,Ostrovnoy,RU,2022-07-16 22:08:36,68.0531,39.5131,56.79,92,99,7.45
86,Saint-Francois,FR,2022-07-16 22:08:36,46.4154,3.9054,63.84,63,0,0.0
87,Sistranda,NO,2022-07-16 22:08:37,63.7256,8.834,49.96,78,100,20.8
88,Ilulissat,GL,2022-07-16 22:08:37,69.2167,-51.1,51.82,54,56,6.91
89,Vila Do Maio,CV,2022-07-16 22:08:38,15.1333,-23.2167,76.28,82,7,9.44
90,Kozhva,RU,2022-07-16 22:08:38,65.1073,57.0459,64.35,96,100,3.76
91,Novotroitskaya,RU,2022-07-16 22:08:39,45.3267,41.5253,68.11,78,82,7.76
92,Caluquembe,AO,2022-07-16 22:08:39,-13.7833,14.6833,56.37,38,1,3.11
93,Rauma,FI,2022-07-16 22:08:55,61.1272,21.5113,57.24,80,98,16.98
94,Atasu,KZ,2022-07-16 22:08:55,48.6814,71.6433,73.63,39,1,8.32
95,Requena,ES,2022-07-16 22:08:55,39.4883,-1.1004,73.8,37,0,3.94
96,Mende,FR,2022-07-16 22:08:56,44.6667,3.5,58.64,41,0,7.96
97,Husavik,IS,2022-07-16 22:08:56,66.0449,-17.3389,51.3,91,100,3.89
98,Qaanaaq,GL,2022-07-16 22:07:35,77.484,-69.3632,49.57,75,30,6.31
99,Leh,IN,2022-07-16 22:08:57,34.1667,77.5833,58.19,62,29,7.27
100,Tiznit,MA,2022-07-16 22:08:57,29.5833,-9.5,80.46,46,34,2.19
101,Karasjok,NO,2022-07-16 22:08:58,69.4719,25.5112,49.23,95,100,15.93
102,Yarmouth,US,2022-07-16 22:08:58,41.7057,-70.2286,81.07,69,0,4.61
103,Bathsheba,BB,2022-07-16 22:05:27,13.2167,-59.5167,79.41,97,75,17.27
104,Keti Bandar,PK,2022-07-16 22:09:00,24.1447,67.4497,83.44,87,100,14.34
105,Novoagansk,RU,2022-07-16 22:09:00,61.9449,76.6625,53.2,80,31,8.37
106,Vardo,NO,2022-07-16 22:09:01,70.3705,31.1107,53.58,94,100,11.5
107,Saint-Augustin,CA,2022-07-16 22:09:02,51.226,-58.6502,66.67,50,39,4.14
108,Palafrugell,ES,2022-07-16 22:09:02,41.9174,3.1631,80.42,44,0,5.79
109,Nantucket,US,2022-07-16 22:09:03,41.2835,-70.0995,75.34,83,20,11.5
110,Bati,ET,2022-07-16 22:07:15,11.1833,40.0167,70.25,63,95,6.2
111,Baherden,TM,2022-07-16 22:09:03,38.4362,57.4316,85.39,13,0,3.49
112,Trairi,BR,2022-07-16 22:06:04,-3.2778,-39.2689,78.91,79,25,12.35
113,Sao Joao Da Barra,BR,2022-07-16 22:09:04,-21.6403,-41.0511,72.41,82,98,18.77
114,Saint-Philippe,RE,2022-07-16 22:09:04,-21.3585,55.7679,69.39,77,37,13.73
115,Kruisfontein,ZA,2022-07-16 22:08:15,-34.0033,24.7314,64.11,26,21,10.36
116,Cockburn Town,TC,2022-07-16 22:09:05,21.4612,-71.1419,81.66,85,78,20.49
117,Upata,VE,2022-07-16 22:09:06,8.0086,-62.3989,75.2,91,99,3.27
118,Lora Del Rio,ES,2022-07-16 22:07:55,37.659,-5.5275,89.6,31,0,1.83
119,Chicama,PE,2022-07-16 22:09:06,-7.8447,-79.1469,61.34,71,9,10.09
120,Kamenka,RU,2022-07-16 22:09:07,51.3223,42.7678,64.47,81,100,7.25
121,Sao Filipe,CV,2022-07-16 22:09:07,14.8961,-24.4956,75.52,84,14,6.8
122,Mangrol,IN,2022-07-16 22:09:08,21.1167,70.1167,81.7,85,56,24.47
123,Sinnamary,GF,2022-07-16 22:09:08,5.3833,-52.95,78.21,87,53,6.73
124,Plant City,US,2022-07-16 22:07:04,28.0186,-82.1129,83.79,83,100,9.22
125,Pangody,RU,2022-07-16 22:09:10,65.85,74.4859,55.4,66,3,9.22
126,Mandera,KE,2022-07-16 22:09:11,3.9366,41.867,79.11,59,90,20.15
127,Coquimbo,CL,2022-07-16 22:09:11,-29.9533,-71.3436,56.93,71,0,10.36
128,Funadhoo,MV,2022-07-16 22:09:11,6.15,73.2667,81.66,78,71,10.67
129,Salemi,IT,2022-07-16 22:09:12,37.8231,12.8056,78.08,57,0,3.36
130,Iskateley,RU,2022-07-16 22:09:12,67.6803,53.1512,66.02,95,100,8.66
131,Cidreira,BR,2022-07-16 22:09:13,-30.1811,-50.2056,65.44,96,53,7.27
132,Vondrozo,MG,2022-07-16 22:09:13,-22.8167,47.2833,57.56,99,84,1.52
133,Virginia Beach,US,2022-07-16 22:05:45,36.8529,-75.978,90.0,73,40,11.5
134,Mahibadhoo,MV,2022-07-16 22:09:14,3.7833,72.9667,82.63,70,64,1.81
135,Truro,GB,2022-07-16 22:09:14,50.2653,-5.0544,65.48,68,53,5.75
136,Kodino,RU,2022-07-16 22:09:15,63.7198,39.6447,52.9,98,35,5.19
137,Viedma,AR,2022-07-16 22:09:15,-40.8135,-62.9967,40.35,60,6,6.73
138,Tornio,FI,2022-07-16 22:09:16,65.8481,24.1466,51.82,85,45,5.57
139,Araouane,ML,2022-07-16 22:09:16,18.9048,-3.5265,98.26,23,11,13.35
140,Mweka,CD,2022-07-16 22:09:32,-4.85,21.5667,78.33,43,88,1.48
141,Ponta Do Sol,PT,2022-07-16 22:09:32,32.6667,-17.1,73.0,79,28,5.91
142,Teguldet,RU,2022-07-16 22:09:33,57.3064,88.1667,48.58,83,90,3.27
143,Pisco,PE,2022-07-16 22:09:33,-13.7,-76.2167,65.01,72,5,10.36
144,Ocala,US,2022-07-16 22:05:44,29.1872,-82.1401,79.99,68,20,6.91
145,Kinango,KE,2022-07-16 22:09:34,-4.1372,39.3153,67.26,94,100,4.92
146,Saldanha,ZA,2022-07-16 22:09:34,-33.0117,17.9442,62.94,46,17,10.25
147,Dharchula,IN,2022-07-16 22:09:35,29.85,80.5333,73.09,90,84,2.86
148,Fougamou,GA,2022-07-16 22:09:35,-1.2154,10.5838,71.22,86,100,2.98
149,Nova Vicosa,BR,2022-07-16 22:07:19,-17.8919,-39.3719,71.4,85,4,7.4
150,Meulaboh,ID,2022-07-16 22:08:24,4.1363,96.1285,76.23,90,99,4.09
151,Bria,CF,2022-07-16 22:09:36,6.5423,21.9863,69.78,96,78,2.15
152,Kavaratti,IN,2022-07-16 22:09:36,10.5669,72.642,81.43,79,100,16.55
153,Shache,CN,2022-07-16 22:09:37,38.4167,77.2406,78.71,28,98,4.5
154,El Tigre,VE,2022-07-16 22:09:38,8.8875,-64.2454,79.7,72,93,8.77
155,Tanakpur,IN,2022-07-16 22:09:39,29.0833,80.1167,85.23,67,49,4.21
156,Ninove,BE,2022-07-16 22:09:39,50.8284,4.0047,61.09,72,12,7.92
157,Pedro Velho,BR,2022-07-16 22:09:40,-6.4392,-35.2214,72.75,95,54,11.1
158,Marapanim,BR,2022-07-16 22:09:40,-0.7175,-47.6997,75.04,94,97,4.54
159,Geraldton,AU,2022-07-16 22:07:25,-28.7667,114.6,55.81,82,100,8.05
160,Yining,CN,2022-07-16 22:07:55,29.0361,114.5636,79.75,87,100,1.16
161,Kismayo,SO,2022-07-16 22:09:41,-0.3582,42.5454,75.43,81,100,16.91
162,Aripuana,BR,2022-07-16 22:09:42,-9.1667,-60.6333,83.05,52,73,2.48
163,Codrington,AU,2022-07-16 22:09:42,-38.2667,141.9667,49.62,89,95,15.05
164,Conde,BR,2022-07-16 22:09:43,-7.2597,-34.9075,72.86,100,75,8.05
165,Cascais,PT,2022-07-16 22:09:43,38.6979,-9.4215,74.05,59,25,4.0
166,Elizabeth City,US,2022-07-16 22:09:44,36.2946,-76.2511,88.05,68,0,5.75
167,Boa Vista,BR,2022-07-16 22:05:53,2.8197,-60.6733,85.98,62,20,8.05
168,Wawina,HN,2022-07-16 22:09:44,15.4167,-84.4333,83.64,70,100,6.8
169,Porto Novo,BJ,2022-07-16 22:09:46,6.4965,2.6036,75.63,86,91,9.06
170,Strathroy,CA,2022-07-16 22:09:46,42.9551,-81.6223,82.76,48,79,8.19
171,Bentiu,SS,2022-07-16 22:09:47,9.2333,29.8333,74.97,77,91,4.34
172,Margate,GB,2022-07-16 22:09:48,51.3813,1.3862,65.3,81,34,4.0
173,San Pedro,PH,2022-07-16 22:07:50,14.35,121.0167,76.35,92,100,3.15
174,Ponta Delgada,PT,2022-07-16 22:09:26,37.7333,-25.6667,70.52,78,40,4.61
175,Presidencia Roque Saenz Pena,AR,2022-07-16 22:09:49,-26.7852,-60.4388,51.26,66,52,7.58
176,Upernavik,GL,2022-07-16 22:09:50,72.7868,-56.1549,43.7,89,100,12.21
177,Hounde,BF,2022-07-16 22:06:19,11.5,-3.5167,76.82,77,100,4.83
178,Dalbandin,PK,2022-07-16 22:09:51,28.8947,64.4101,88.18,42,17,10.94
179,Zhezkazgan,KZ,2022-07-16 22:09:51,47.8043,67.7144,76.55,38,21,10.16
180,Klaksvik,FO,2022-07-16 22:09:51,62.2266,-6.589,50.92,88,56,11.65
181,Kyabe,TD,2022-07-16 22:09:52,9.4515,18.9449,74.14,91,100,3.15
182,Pitsunda,GE,2022-07-16 22:09:52,43.1592,40.3378,73.58,82,43,7.99
183,Marica,BR,2022-07-16 22:09:53,-22.9194,-42.8186,76.91,71,100,7.02
184,Vallenar,CL,2022-07-16 22:09:53,-28.5708,-70.7581,52.61,41,33,5.14
185,Carutapera,BR,2022-07-16 22:09:54,-1.195,-46.02,75.97,89,84,5.84
186,Ziarat,PK,2022-07-16 22:09:54,30.3823,67.7282,63.27,79,0,3.51
187,Touros,BR,2022-07-16 22:09:55,-5.1989,-35.4608,75.43,90,23,14.54
188,Garowe,SO,2022-07-16 22:09:55,8.4054,48.4845,77.68,52,28,28.92
189,Priladozhskiy,RU,2022-07-16 22:10:11,59.85,31.4833,51.33,88,18,7.34
190,Bealanana,MG,2022-07-16 22:10:12,-14.55,48.7333,52.21,95,43,4.85
191,Ust-Kan,RU,2022-07-16 22:10:12,50.9276,84.761,54.36,87,73,6.13
192,Tabou,CI,2022-07-16 22:10:13,4.423,-7.3528,75.51,85,100,10.2
193,Muromtsevo,RU,2022-07-16 22:10:15,56.3724,75.2418,56.57,98,62,5.79
194,Tambacounda,SN,2022-07-16 22:10:16,13.7539,-13.7586,86.16,66,58,12.59
195,Muli,MV,2022-07-16 22:10:16,2.9167,73.5667,82.38,75,68,3.91
196,Puerto Rico,AR,2022-07-16 22:10:17,-26.796,-55.024,51.06,96,94,6.78
197,Agirish,RU,2022-07-16 22:10:17,61.9247,63.0231,59.11,65,81,5.79
198,Sovetskiy,RU,2022-07-16 22:10:18,61.3614,63.5842,59.47,69,84,5.46
199,Oranjemund,NA,2022-07-16 22:10:18,-28.55,16.4333,69.71,28,0,6.02
200,San Carlos De Bariloche,AR,2022-07-16 22:08:29,-41.1456,-71.3082,35.35,80,75,19.57
201,Laukaa,RU,2022-07-16 22:10:19,58.7372,29.8453,52.97,75,30,5.84
202,Odweyne,SO,2022-07-16 22:10:20,9.4092,45.064,71.47,57,76,18.99
203,Skierniewice,PL,2022-07-16 22:10:20,51.9548,20.1584,54.05,73,61,14.03
204,Salalah,OM,2022-07-16 22:10:20,17.0151,54.0924,77.59,95,100,10.2
205,Eydhafushi,MV,2022-07-16 22:10:21,5.1033,73.0708,82.15,73,41,7.05
206,Svetlyy,RU,2022-07-16 22:10:21,54.675,20.1347,57.96,90,92,7.4
207,Puerto Colombia,CO,2022-07-16 22:10:22,10.9878,-74.9547,84.29,81,53,17.29
208,Duvan,RU,2022-07-16 22:10:23,55.695,57.9024,58.42,94,0,5.37
209,East London,ZA,2022-07-16 22:08:04,-33.0153,27.9116,65.43,39,0,7.54
210,Brae,GB,2022-07-16 22:10:24,60.3964,-1.353,54.46,92,100,20.22
211,Kjollefjord,NO,2022-07-16 22:10:24,70.9457,27.3465,51.85,93,100,21.85
212,Wukari,NG,2022-07-16 22:10:25,7.85,9.7833,75.24,82,99,7.29
213,Shiraz,IR,2022-07-16 22:08:00,29.6036,52.5388,77.7,10,17,6.62
214,Moengo,SR,2022-07-16 22:10:26,5.6167,-54.4,75.09,97,59,3.22
215,Burla,IN,2022-07-16 22:10:26,21.5,83.8667,77.5,91,97,4.25
216,Faya,SA,2022-07-16 22:10:27,18.3851,42.4509,66.72,44,53,5.26
217,Hjelset,NO,2022-07-16 22:10:27,62.7833,7.4833,50.97,71,100,5.75
218,Quelimane,MZ,2022-07-16 22:10:28,-17.8786,36.8883,61.88,94,20,4.52
219,Namibe,AO,2022-07-16 22:10:28,-15.1961,12.1522,65.91,88,26,6.73
220,Lekoni,GA,2022-07-16 22:10:29,-1.5843,14.2591,84.78,36,88,8.61
221,Luderitz,NA,2022-07-16 22:10:29,-26.6481,15.1594,69.01,32,0,4.32
222,Zabol,AF,2022-07-16 22:10:30,32.25,67.25,74.86,49,28,9.62
223,Vila Velha,BR,2022-07-16 22:06:03,-20.3297,-40.2925,75.15,86,0,13.8
224,Shenkursk,RU,2022-07-16 22:10:30,62.1091,42.896,52.88,87,13,5.14
225,Birao,CF,2022-07-16 22:10:32,10.2849,22.7882,70.39,94,37,3.51
226,Shakawe,BW,2022-07-16 22:10:32,-18.3667,21.85,51.87,46,0,5.82
227,Saurimo,AO,2022-07-16 22:10:32,-9.6608,20.3916,65.88,35,21,6.78
228,Gandajika,CD,2022-07-16 22:10:33,-6.75,23.95,75.54,38,20,4.16
229,Dalvik,IS,2022-07-16 22:10:33,65.9702,-18.5286,52.5,87,100,2.33
230,Chuy,UY,2022-07-16 22:06:48,-33.6971,-53.4616,48.51,94,99,14.27
231,Matara,LK,2022-07-16 22:10:34,5.9485,80.5353,76.84,91,100,8.08
232,Jumla,NP,2022-07-16 22:10:34,29.2747,82.1838,61.84,93,81,0.74
233,Guanare,VE,2022-07-16 22:10:35,9.0418,-69.7421,82.35,82,28,3.38
234,Tamandare,BR,2022-07-16 22:10:36,-8.7597,-35.1047,74.16,88,48,10.65
235,Sayyan,YE,2022-07-16 22:10:36,15.1718,44.3244,64.13,54,83,3.94
236,Hamilton,US,2022-07-16 22:10:37,39.1834,-84.5333,90.77,53,40,12.66
237,Atbasar,KZ,2022-07-16 22:10:52,51.8,68.3333,64.31,83,48,18.77
238,Tubuala,PA,2022-07-16 22:10:53,9.5167,-79.0333,82.51,75,68,7.29
239,Zaidpur,IN,2022-07-16 22:10:53,26.8333,81.3333,86.07,48,38,11.7
240,Ape,LV,2022-07-16 22:10:54,57.5393,26.6929,49.71,96,29,3.67
241,Novo Aripuana,BR,2022-07-16 22:10:55,-5.1206,-60.3797,82.31,64,88,1.74
242,Krasnoselkup,RU,2022-07-16 22:10:56,65.7,82.4667,52.38,88,25,10.51
243,Qasigiannguit,GL,2022-07-16 22:10:56,68.8193,-51.1922,52.05,76,38,5.66
244,Ayia Galini,GR,2022-07-16 22:10:57,35.1,24.6833,82.38,40,0,8.55
245,Vestmannaeyjar,IS,2022-07-16 22:10:57,63.4427,-20.2734,51.03,83,100,7.45
246,Talcahuano,CL,2022-07-16 22:10:57,-36.7167,-73.1167,47.88,81,100,5.75
247,Dolores,AR,2022-07-16 22:10:08,-36.3132,-57.6792,48.61,58,100,16.17
248,Hobyo,SO,2022-07-16 22:06:15,5.3505,48.5268,76.66,72,82,30.06
249,Yar-Sale,RU,2022-07-16 22:10:59,66.8333,70.8333,52.23,67,3,6.87
250,Hofn,IS,2022-07-16 22:10:59,64.2539,-15.2082,51.04,89,75,9.73
251,Marystown,CA,2022-07-16 22:11:00,47.1666,-55.1483,66.85,100,41,8.99
252,Menongue,AO,2022-07-16 22:11:00,-14.6585,17.691,52.07,52,0,5.75
253,Tjome,NO,2022-07-16 22:11:01,59.1109,10.3933,61.29,56,55,6.91
254,Jijiga,ET,2022-07-16 22:11:02,9.35,42.8,62.47,72,44,14.54
255,Salekhard,RU,2022-07-16 22:11:02,66.53,66.6019,52.34,68,5,7.4
256,Beira,MZ,2022-07-16 22:11:03,-19.8436,34.8389,66.96,82,45,10.04
257,Berbera,SO,2022-07-16 22:11:03,10.4396,45.0143,90.68,39,70,30.58
258,Ust-Ishim,RU,2022-07-16 22:11:04,57.6935,71.1665,57.54,97,100,3.8
259,Mamallapuram,IN,2022-07-16 22:11:04,12.6264,80.1722,80.65,63,100,12.66
260,Mardin,TR,2022-07-16 22:11:05,37.3131,40.7436,76.03,30,0,0.78
261,Siemiatycze,PL,2022-07-16 22:11:06,52.4272,22.8623,49.21,90,73,13.62
262,Santa Barbara,US,2022-07-16 22:08:00,34.7333,-120.0343,101.34,24,0,10.36
263,Bengkulu,ID,2022-07-16 22:11:07,-3.8004,102.2655,75.16,86,97,3.71
264,Bangassou,CF,2022-07-16 22:11:08,4.7413,22.8184,69.66,98,100,3.0
265,Lake City,US,2022-07-16 22:11:08,30.1897,-82.6393,82.11,94,0,0.0
266,Walvis Bay,NA,2022-07-16 22:11:09,-22.9575,14.5053,71.22,29,0,4.63
267,Zarautz,ES,2022-07-16 22:11:09,43.2844,-2.1699,78.75,75,76,2.55
268,Ustyuzhna,RU,2022-07-16 22:11:10,58.8394,36.4321,52.66,84,79,4.81
269,Lastoursville,GA,2022-07-16 22:11:10,-0.8143,12.7287,79.77,61,91,5.66
270,Pampierstad,ZA,2022-07-16 22:11:11,-27.7832,24.6877,52.32,39,0,5.97
271,Mogwase,ZA,2022-07-16 22:11:11,-25.185,27.2665,54.23,47,0,2.28
272,Horta,PT,2022-07-16 22:11:12,38.5333,-28.6333,70.99,86,1,5.75
273,Vagur,FO,2022-07-16 22:11:12,61.4732,-6.8119,51.3,94,79,20.69
274,Amapa,BR,2022-07-16 22:11:13,1.0,-52.0,73.67,96,99,2.53
275,Pionerskiy,RU,2022-07-16 22:11:13,54.9508,20.2275,57.74,74,85,10.09
276,Gayeri,BF,2022-07-16 22:11:14,12.6497,0.4931,76.86,68,99,1.9
277,Novovarshavka,RU,2022-07-16 22:11:14,54.1721,74.6946,61.32,72,100,9.46
278,Qrendi,MT,2022-07-16 22:11:16,35.8347,14.4583,77.11,88,20,5.75
279,Skerries,IE,2022-07-16 22:11:16,53.5828,-6.1083,69.01,87,100,10.45
280,Hawalli,KW,2022-07-16 22:11:17,29.2833,47.9972,102.29,33,2,16.11
281,Agadir,MA,2022-07-16 22:11:17,30.4202,-9.5982,72.05,73,22,4.94
282,Igarka,RU,2022-07-16 22:11:33,67.4667,86.5833,57.13,66,98,1.95
283,Marsa Matruh,EG,2022-07-16 22:11:33,31.3525,27.2453,76.78,76,0,10.54
284,Moyo,UG,2022-07-16 22:11:34,3.6609,31.7247,64.65,91,56,2.89
285,Makokou,GA,2022-07-16 22:11:34,0.5738,12.8642,70.48,83,47,3.51
286,Bandarbeyla,SO,2022-07-16 22:11:35,9.4942,50.8122,78.37,70,85,34.52
287,Narasannapeta,IN,2022-07-16 22:11:36,18.4167,84.05,77.54,94,100,8.19
288,Polunochnoye,RU,2022-07-16 22:11:37,60.8697,60.4153,63.23,96,100,1.57
289,Manati,PR,2022-07-16 22:11:37,18.4275,-66.4921,86.86,84,4,18.3
290,Necochea,AR,2022-07-16 22:11:38,-38.5473,-58.7368,46.58,71,100,21.94
291,Clement Town,IN,2022-07-16 22:11:38,30.2667,78.0667,78.15,78,29,4.63
292,Trinidad,BO,2022-07-16 22:11:39,-14.8333,-64.9,83.75,56,100,2.75
293,Rocha,UY,2022-07-16 22:07:25,-34.4833,-54.3333,47.73,89,100,18.9
294,Laguna,US,2022-07-16 22:11:39,38.421,-121.4238,107.76,21,0,4.61
295,Maceio,BR,2022-07-16 22:11:40,-9.6658,-35.7353,74.64,88,75,5.75
296,Llangefni,GB,2022-07-16 22:11:40,53.2556,-4.3106,61.74,85,75,6.91
297,Itacoatiara,BR,2022-07-16 22:11:41,-3.1431,-58.4442,81.1,70,77,2.98
298,Korla,CN,2022-07-16 22:11:41,41.7597,86.1469,72.95,43,43,4.59
299,Ugoofaaru,MV,2022-07-16 22:11:42,5.6667,73.0,81.9,76,75,9.28
300,Bahia Honda,CU,2022-07-16 22:11:42,22.9036,-83.1592,86.74,59,37,5.03
301,Kosino,RU,2022-07-16 22:11:43,58.4127,51.2782,56.28,83,0,3.31
302,Mount Pleasant,US,2022-07-16 22:11:24,32.7941,-79.8626,86.31,80,0,6.91
303,Kapoeta,SS,2022-07-16 22:11:44,4.7717,33.5903,73.81,73,91,3.44
304,Selfoss,IS,2022-07-16 22:11:44,63.9331,-20.9971,50.04,92,100,3.65
305,Quepos,CR,2022-07-16 22:11:45,9.4236,-84.1652,80.98,80,35,3.51
306,Fulton,US,2022-07-16 22:07:00,33.7668,-84.4499,92.52,50,0,8.05
307,Roald,NO,2022-07-16 22:11:45,62.5833,6.1333,53.17,76,75,10.36
308,Weligama,LK,2022-07-16 22:11:46,5.9667,80.4167,77.22,91,100,7.92
309,Kolda,SN,2022-07-16 22:11:47,12.8833,-14.95,81.28,81,100,7.56
310,Campana,AR,2022-07-16 22:11:49,-34.1687,-58.9591,50.11,68,100,11.41
311,Ribas Do Rio Pardo,BR,2022-07-16 22:11:49,-20.4431,-53.7592,80.1,37,100,5.84
312,Jalu,LY,2022-07-16 22:11:50,29.0331,21.5482,79.0,49,0,15.35
313,Gravdal,NO,2022-07-16 22:11:52,68.1214,13.5031,51.26,82,100,10.96
314,Sembe,CG,2022-07-16 22:11:53,1.6481,14.5806,73.98,79,88,2.86
315,Santa Marta,CO,2022-07-16 22:07:11,11.2408,-74.199,87.89,63,99,18.01
316,Oromocto,CA,2022-07-16 22:11:55,45.8351,-66.4792,79.92,45,60,10.0
317,Hobe Sound,US,2022-07-16 22:11:56,27.0595,-80.1364,83.98,73,100,10.18
318,Aswan,EG,2022-07-16 22:11:56,24.0934,32.907,86.52,24,0,12.59
319,Skeldon,GY,2022-07-16 22:11:58,5.8833,-57.1333,77.09,89,37,4.59
320,Omboue,GA,2022-07-16 22:11:58,-1.5746,9.2618,71.24,90,100,6.04
321,Bhainsa,IN,2022-07-16 22:11:58,26.9548,76.9012,87.98,61,76,1.66
322,Ambanja,MG,2022-07-16 22:11:59,-13.6833,48.45,70.43,85,90,3.31
323,Uruzgan,AF,2022-07-16 22:11:59,32.8333,66.0,78.82,34,0,1.79
324,Camacha,PT,2022-07-16 22:12:00,33.0833,-16.3333,67.42,83,20,8.05
325,Golden Gate,US,2022-07-16 22:12:01,26.1879,-81.6951,85.98,73,75,5.75
326,Lebu,CL,2022-07-16 22:12:01,-37.6167,-73.65,48.22,73,100,15.9
327,Sokoto,NG,2022-07-16 22:12:02,13.0609,5.239,77.49,81,89,5.03
328,Pangnirtung,CA,2022-07-16 22:12:19,66.1451,-65.7125,51.58,62,72,2.89
329,Porto Belo,BR,2022-07-16 22:12:20,-27.1578,-48.5531,73.09,80,99,5.86
330,Meridian,US,2022-07-16 22:08:44,43.6121,-116.3915,102.85,18,0,6.91
331,Rawson,AR,2022-07-16 22:12:20,-43.3002,-65.1023,41.29,54,26,6.89
332,Traverse City,US,2022-07-16 22:08:28,44.7631,-85.6206,81.0,50,75,8.05
333,Carlisle,US,2022-07-16 22:08:30,40.2015,-77.1889,81.01,63,90,1.01
334,Pedernales,DO,2022-07-16 22:12:21,18.0384,-71.744,89.42,48,5,12.53
335,Atar,MR,2022-07-16 22:12:22,20.5169,-13.0499,100.6,9,37,8.37
336,Nueve De Julio,AR,2022-07-16 22:12:22,-35.4444,-60.8831,43.16,58,72,8.16
337,Touba,CI,2022-07-16 22:12:23,8.2833,-7.6833,71.02,94,89,3.6
338,Saquarema,BR,2022-07-16 22:12:25,-22.92,-42.5103,75.24,71,100,7.94
339,Turbat,PK,2022-07-16 22:12:26,26.0023,63.044,91.47,54,100,0.36
340,Havoysund,NO,2022-07-16 22:12:26,70.9963,24.6622,52.03,98,100,15.86
341,Vecses,HU,2022-07-16 22:12:26,47.4071,19.2865,70.57,42,0,8.05
342,Bonthe,SL,2022-07-16 22:12:27,7.5264,-12.505,77.09,86,87,9.06
343,Iracoubo,GF,2022-07-16 22:12:28,5.4802,-53.2011,77.95,88,52,6.55
344,Havre-Saint-Pierre,CA,2022-07-16 22:12:29,50.2334,-63.5986,60.58,81,100,6.13
345,The Valley,AI,2022-07-16 22:12:29,18.217,-63.0578,84.34,74,40,18.41
346,Bandar-E Anzali,IR,2022-07-16 22:12:30,37.4727,49.4622,77.47,77,0,2.24
347,Bilma,NE,2022-07-16 22:12:31,18.6853,12.9164,89.04,40,2,7.31
348,Yadgir,IN,2022-07-16 22:12:31,16.7667,77.1333,75.79,82,100,13.73
349,Praia Da Vitoria,PT,2022-07-16 22:12:32,38.7333,-27.0667,72.75,82,3,10.6
350,Cabedelo,BR,2022-07-16 22:12:32,-6.9811,-34.8339,74.07,88,37,14.67
351,Tromso,NO,2022-07-16 22:09:12,69.6496,18.957,48.38,93,100,2.3
352,Kotido,UG,2022-07-16 22:12:33,2.9806,34.1331,68.67,79,94,3.38
353,Gari,RU,2022-07-16 22:12:34,59.4307,62.3497,64.4,95,97,4.03
354,Ruwi,OM,2022-07-16 22:12:35,23.5996,58.5507,91.67,62,100,1.57
355,Beverley,GB,2022-07-16 22:11:34,53.8459,-0.4233,65.08,46,100,3.44
356,Paveh,IR,2022-07-16 22:12:36,35.0434,46.3565,74.97,21,0,3.71
357,Bongandanga,CD,2022-07-16 22:12:36,1.5,21.05,71.08,93,99,2.13
358,Belyy Yar,RU,2022-07-16 22:12:37,53.6039,91.3903,53.85,82,0,4.47
359,Antigonish,CA,2022-07-16 22:10:19,45.6169,-61.9986,80.15,54,89,4.0
360,Athens,GR,2022-07-16 22:12:19,37.9795,23.7162,86.25,35,0,5.99
361,Adrar,MR,2022-07-16 22:12:39,20.5022,-10.0711,97.27,7,85,12.35
362,Dungarpur,IN,2022-07-16 22:12:39,23.8333,73.7167,77.67,91,78,10.29
363,Chacabuco,AR,2022-07-16 22:12:39,-34.6417,-60.4739,43.83,58,100,8.57
364,Eyl,SO,2022-07-16 22:12:40,7.9803,49.8164,80.46,57,84,31.61
365,Grindavik,IS,2022-07-16 22:12:40,63.8424,-22.4338,50.47,87,75,4.61
366,Killybegs,IE,2022-07-16 22:12:41,54.6333,-8.45,62.98,88,100,4.03
367,Urengoy,RU,2022-07-16 22:12:41,65.9667,78.3667,59.49,60,33,8.75
368,Ciudad Bolivar,VE,2022-07-16 22:12:42,8.1222,-63.5497,78.62,85,93,11.14
369,Danielskuil,ZA,2022-07-16 22:12:42,-28.1887,23.5395,50.9,47,0,6.51
370,Ambilobe,MG,2022-07-16 22:12:43,-13.2,49.05,64.6,86,2,3.87
371,Izberbash,RU,2022-07-16 22:12:58,42.5696,47.8645,77.09,59,0,4.23
372,Edgewater,US,2022-07-16 22:12:59,28.9889,-80.9023,86.13,63,97,10.54
373,Aljezur,PT,2022-07-16 22:12:59,37.3191,-8.8033,66.09,91,6,8.03
374,Czersk,PL,2022-07-16 22:13:00,53.7959,17.9765,48.45,96,27,6.31
375,Yarada,IN,2022-07-16 22:13:00,17.65,83.2667,80.92,89,100,3.44
376,Songea,TZ,2022-07-16 22:13:01,-10.6833,35.65,54.81,71,16,3.11
377,Puerto Madryn,AR,2022-07-16 22:13:01,-42.7692,-65.0385,42.71,47,29,5.95
378,Owando,CG,2022-07-16 22:13:02,-0.4819,15.8999,79.56,57,96,3.22
379,Mul,IN,2022-07-16 22:09:10,20.0667,79.6667,77.29,93,95,3.71
380,Abu Dhabi,AE,2022-07-16 22:08:55,24.4667,54.3667,95.11,66,0,5.75
381,Kutum,SD,2022-07-16 22:13:02,14.2,24.6667,79.84,49,56,5.57
382,Igdir,TR,2022-07-16 22:13:03,39.9237,44.045,84.13,41,0,2.3
383,Abramovka,RU,2022-07-16 22:13:04,51.1886,41.0202,63.91,89,75,4.9
384,Odienne,CI,2022-07-16 22:13:04,9.51,-7.5692,72.61,93,92,3.22
385,Port Shepstone,ZA,2022-07-16 22:13:05,-30.7414,30.455,62.65,83,0,16.75
386,Balaguer,ES,2022-07-16 22:13:06,41.7912,0.8109,83.88,51,1,6.6
387,Tombouctou,ML,2022-07-16 22:13:06,20.0,-3.0,100.24,20,48,17.72
388,Westport,US,2022-07-16 22:13:07,41.1415,-73.3579,80.15,83,0,4.61
389,Severnoye,RU,2022-07-16 22:13:07,56.3491,78.3619,54.64,98,85,8.41
390,Beroroha,MG,2022-07-16 22:13:08,-21.6667,45.1667,66.2,65,0,6.51
391,Bani,DO,2022-07-16 22:13:10,18.2833,-70.3333,86.86,64,32,13.49
392,Olafsvik,IS,2022-07-16 22:13:10,64.8945,-23.7142,50.36,91,100,2.48
393,Walcourt,BE,2022-07-16 22:13:11,50.2539,4.4352,60.89,75,19,4.0
394,Torbat-E Jam,IR,2022-07-16 22:13:11,35.244,60.6225,78.76,13,0,16.02
395,Taoudenni,ML,2022-07-16 22:13:12,22.6783,-3.9836,102.22,20,51,10.65
396,Baoma,CN,2022-07-16 22:13:13,31.4859,106.1128,75.54,87,98,4.7
397,Wajid,SO,2022-07-16 22:13:13,3.8093,43.2471,72.36,73,27,21.83
398,Boueni,YT,2022-07-16 22:13:14,-12.9025,45.0761,73.38,71,59,10.74
399,Chililabombwe,ZM,2022-07-16 22:13:14,-12.3648,27.8229,55.56,52,5,8.3
400,Dubai,AE,2022-07-16 22:12:19,25.2582,55.3047,94.93,59,73,10.36
401,Accra,GH,2022-07-16 22:10:35,5.556,-0.1969,75.42,84,100,11.21
402,Sioux Lookout,CA,2022-07-16 22:10:52,50.1001,-91.917,84.61,35,100,5.61
403,Shubarshi,KZ,2022-07-16 22:09:21,48.5872,57.1869,75.24,52,1,8.03
404,Poli,TZ,2022-07-16 22:13:17,-3.3333,36.8,53.4,89,69,3.06
405,Skawina,PL,2022-07-16 22:13:17,49.9752,19.8287,56.66,91,0,5.75
406,Mallapuram,IN,2022-07-16 22:13:18,11.9667,78.25,74.26,77,100,4.61
407,Timra,SE,2022-07-16 22:13:20,62.487,17.3257,55.08,62,100,13.8
408,Road Town,VG,2022-07-16 22:13:20,18.4167,-64.6167,84.29,79,40,12.66
409,Doha,QA,2022-07-16 22:13:21,25.2867,51.5333,93.51,66,22,2.3
410,Omaruru,NA,2022-07-16 22:13:21,-21.4333,15.9333,56.82,32,0,9.64
411,Gornopravdinsk,RU,2022-07-16 22:13:22,60.05,69.9,52.29,95,29,5.39
412,Jackson,US,2022-07-16 22:09:52,42.4165,-122.8345,93.15,30,0,5.99
413,Hukuntsi,BW,2022-07-16 22:13:22,-24.0,21.75,53.71,41,0,8.95
414,Benghazi,LY,2022-07-16 22:13:23,32.1167,20.0667,78.15,73,0,11.34
415,Mahuta,TZ,2022-07-16 22:13:23,-10.8667,39.45,59.92,95,0,0.18
416,Taltal,CL,2022-07-16 22:13:24,-25.4,-70.4833,58.6,58,0,6.51
417,Moba,CN,2022-07-16 22:13:39,33.2288,105.0179,64.4,68,100,5.91
418,Senanga,ZM,2022-07-16 22:13:40,-16.1167,23.2667,56.71,45,1,9.95
419,Sorland,NO,2022-07-16 22:13:40,67.667,12.6934,48.06,76,73,8.61
420,El Cobre,CU,2022-07-16 22:13:41,20.0489,-75.9469,83.64,84,40,6.91
421,Bjornevatn,NO,2022-07-16 22:13:41,69.6672,29.9847,53.94,94,100,10.36
422,Gusau,NG,2022-07-16 22:13:42,12.1628,6.6614,73.69,88,98,4.54
423,Bajil,YE,2022-07-16 22:13:42,15.0584,43.2851,90.52,42,80,4.12
424,Pinega,RU,2022-07-16 22:13:43,64.7001,43.3936,54.41,92,2,5.21
425,Bandundu,CD,2022-07-16 22:13:43,-3.3167,17.3667,82.45,36,30,3.42
426,Zinder,NE,2022-07-16 22:13:44,13.8072,8.9881,84.76,52,95,9.35
427,Mazabuka,ZM,2022-07-16 22:13:44,-15.856,27.748,54.64,56,0,5.88
428,Bonavista,CA,2022-07-16 22:13:45,48.6499,-53.1147,60.24,80,77,5.12
429,Tocopilla,CL,2022-07-16 22:13:45,-22.092,-70.1979,61.29,60,0,13.27
430,Richards Bay,ZA,2022-07-16 22:13:46,-28.783,32.0377,60.96,87,5,6.17
431,Maragogi,BR,2022-07-16 22:13:46,-9.0122,-35.2225,74.14,88,64,12.55
432,Leua,SK,2022-07-16 22:13:48,48.2156,18.6071,68.5,64,54,6.6
433,Guatire,VE,2022-07-16 22:13:48,10.4762,-66.5427,74.97,97,87,2.71
434,Dingle,PH,2022-07-16 22:13:19,10.9995,122.6711,75.96,92,98,4.16
435,Mogapi,BW,2022-07-16 22:13:49,-22.323,27.8349,52.21,87,0,7.07
436,Bridgetown,BB,2022-07-16 22:10:50,13.1,-59.6167,79.29,83,75,17.27
437,Piacabucu,BR,2022-07-16 22:13:50,-10.4056,-36.4344,72.77,85,13,8.39
438,Manta,EC,2022-07-16 22:13:50,-0.95,-80.7333,73.18,83,75,11.5
439,Huarmey,PE,2022-07-16 22:07:30,-10.0681,-78.1522,64.56,77,6,13.4
440,Hun,LY,2022-07-16 22:13:51,29.1268,15.9477,79.27,39,0,12.01
441,East Massapequa,US,2022-07-16 22:13:52,40.6734,-73.4365,80.26,75,20,6.91
442,Rayachoti,IN,2022-07-16 22:13:52,14.05,78.75,78.08,67,100,17.45
443,Tsaratanana,MG,2022-07-16 22:13:53,-16.7833,47.65,63.75,76,3,12.84
444,Brigantine,US,2022-07-16 22:13:53,39.4101,-74.3646,82.04,73,40,6.91
445,Chufarovo,RU,2022-07-16 22:13:54,54.0963,47.3367,63.72,89,89,1.45
446,Iquique,CL,2022-07-16 22:13:54,-20.2208,-70.1431,59.04,72,1,9.37
447,Inverness,GB,2022-07-16 22:10:52,57.4791,-4.224,61.79,79,100,10.36
448,Bama,NG,2022-07-16 22:13:55,11.5221,13.6856,79.21,67,99,4.85
449,Villarrica,PY,2022-07-16 22:13:55,-25.75,-56.4333,50.43,92,100,8.59
450,Warri,NG,2022-07-16 22:13:56,5.5167,5.75,74.55,86,100,4.7
451,Methoni,GR,2022-07-16 22:13:56,36.8197,21.7049,83.21,59,0,10.78
452,Manavalakurichi,IN,2022-07-16 22:13:57,8.1333,77.3,77.18,85,91,10.67
453,Florence,IT,2022-07-16 22:13:57,43.7667,11.25,81.54,65,0,3.0
454,Tessalit,ML,2022-07-16 22:13:58,20.1986,1.0114,95.88,14,98,11.27
455,Gasa,PS,2022-07-16 22:13:02,31.5,34.4667,68.88,63,0,3.49
456,San Juan De Los Morros,VE,2022-07-16 22:13:59,9.9115,-67.3538,79.36,79,78,2.59
457,Quatre Cocos,MU,2022-07-16 22:13:59,-20.2078,57.7625,66.09,72,54,17.38
458,Cururupu,BR,2022-07-16 22:13:59,-1.8283,-44.8683,76.05,88,75,3.36
459,Bonaventure,CA,2022-07-16 22:14:00,48.0457,-65.4926,67.93,69,85,7.94
460,Pailon,BO,2022-07-16 22:14:00,-17.65,-62.75,59.9,84,100,12.28
461,Hualmay,PE,2022-07-16 22:14:01,-11.0964,-77.6139,62.83,78,43,12.19
462,Mikhaylovka,RU,2022-07-16 22:14:01,50.06,43.2379,74.79,54,100,9.06
463,Maracana,BR,2022-07-16 22:14:17,-0.7667,-47.45,73.87,97,97,3.24
464,Saint Anthony,US,2022-07-16 22:14:17,45.0205,-93.218,87.84,52,40,12.66
465,Myrtle Beach,US,2022-07-16 22:14:18,33.6891,-78.8867,83.34,82,0,12.66
466,Mosetse,BW,2022-07-16 22:14:18,-20.75,26.65,53.89,59,0,10.8
467,San Cristobal,VE,2022-07-16 22:10:29,7.7669,-72.225,77.18,55,9,4.16
468,Soyo,AO,2022-07-16 22:14:19,-6.1349,12.3689,70.02,92,4,7.34
469,Puerto Leguizamo,CO,2022-07-16 22:14:20,-0.1934,-74.7819,82.8,69,87,4.0
470,Visnes,NO,2022-07-16 22:14:20,59.3556,5.2242,54.21,71,75,3.44
471,Inhambane,MZ,2022-07-16 22:14:21,-23.865,35.3833,67.26,86,37,12.08
472,Rio Claro,BR,2022-07-16 22:14:21,-22.4114,-47.5614,71.87,41,100,6.46
473,Santa Rosa,PH,2022-07-16 22:14:22,14.3122,121.1114,77.11,92,100,2.28
474,Chirongui,YT,2022-07-16 22:14:22,-12.9319,45.1483,73.33,72,67,10.25
475,Pula,HR,2022-07-16 22:14:22,44.8683,13.8481,73.96,60,0,4.61
476,Oxapampa,PE,2022-07-16 22:14:23,-10.5775,-75.4017,63.0,94,59,1.34
477,Ordzhonikidze,KZ,2022-07-16 22:14:23,52.4411,61.7408,62.83,84,0,10.07
478,Micheweni,TZ,2022-07-16 22:14:24,-4.9667,39.8333,75.27,79,100,12.88
479,Gazojak,TM,2022-07-16 22:14:24,41.1875,61.4036,86.58,15,0,13.29
480,Mahon,ES,2022-07-16 22:14:25,39.8885,4.2658,77.56,78,0,3.44
481,Lincent,BE,2022-07-16 22:10:04,50.7122,5.0365,61.79,69,15,3.44
482,Halifax,CA,2022-07-16 22:13:42,44.6453,-63.5724,78.53,67,100,10.45
483,Carsamba,TR,2022-07-16 22:14:25,41.1989,36.7219,74.95,73,75,16.11
484,Nedjo,ET,2022-07-16 22:14:26,9.5046,35.5019,56.46,90,94,1.3
485,Kehtna,EE,2022-07-16 22:14:26,58.9303,24.8781,52.92,93,10,5.23
486,Umm Kaddadah,SD,2022-07-16 22:14:27,13.6017,26.6876,86.58,43,61,15.08
487,Luba,GQ,2022-07-16 22:14:27,3.4568,8.5547,77.14,87,86,10.47
488,Gonen,TR,2022-07-16 22:14:28,40.1049,27.654,73.36,39,0,4.16
489,Chute-Aux-Outardes,CA,2022-07-16 22:14:28,49.1168,-68.399,66.0,67,70,13.47
490,Mariental,NA,2022-07-16 22:14:29,-24.6333,17.9667,55.24,34,0,13.09
491,Bridlington,GB,2022-07-16 22:14:30,54.0831,-0.1919,64.89,83,96,9.37
492,Straseni,MD,2022-07-16 22:14:30,47.1414,28.6103,67.42,78,39,3.62
493,Keflavik,IS,2022-07-16 22:14:31,64.0049,-22.5624,50.43,87,75,4.61
494,Diego De Almagro,CL,2022-07-16 22:14:31,-26.3667,-70.05,54.43,28,0,5.39
495,Dondo,MZ,2022-07-16 22:14:32,-19.6094,34.7431,64.36,86,47,5.97
496,Azua,DO,2022-07-16 22:10:54,18.4532,-70.7349,86.79,60,4,9.55
497,Lamu,KE,2022-07-16 22:14:33,-2.2717,40.902,75.38,82,100,16.87
498,Comodoro Rivadavia,AR,2022-07-16 22:03:32,-45.8667,-67.5,39.06,65,0,10.36
499,Ornskoldsvik,SE,2022-07-16 22:13:40,63.2909,18.7153,54.55,71,75,16.11
500,Pontal Do Parana,BR,2022-07-16 22:14:33,-25.6533,-48.5128,75.58,58,100,5.39
501,Nassau,US,2022-07-16 22:11:58,40.7507,-73.5829,80.69,73,20,6.91
502,Bafra,TR,2022-07-16 22:14:34,41.5678,35.9069,73.72,68,40,11.1
503,Octeville,FR,2022-07-16 22:14:35,49.6261,-1.6435,61.29,77,0,6.91
504,Adeje,ES,2022-07-16 22:14:35,28.1227,-16.726,75.87,80,0,11.5
505,Cap Malheureux,MU,2022-07-16 22:14:51,-19.9842,57.6142,66.47,77,2,1.99
506,Pedra Branca,BR,2022-07-16 22:14:51,-5.4542,-39.7172,76.35,51,43,1.54
507,Rio Grande,BR,2022-07-16 22:12:23,-32.035,-52.0986,53.71,95,97,10.83
508,Saint-Pierre,RE,2022-07-16 22:14:52,-21.3393,55.4781,69.48,67,75,11.5
509,Blatnica,BA,2022-07-16 22:14:52,44.4864,17.8233,65.12,78,6,3.71
510,Tazovskiy,RU,2022-07-16 22:14:53,67.4667,78.7,53.22,70,78,7.81
511,Banavar,IN,2022-07-16 22:14:53,13.4136,76.1683,70.41,84,100,10.18
512,Ballina,AU,2022-07-16 22:07:37,-28.8667,153.5667,59.02,84,2,9.17
513,Aksu,CN,2022-07-16 22:14:54,41.1231,80.2644,76.41,36,4,3.24
514,Rockland,US,2022-07-16 22:14:55,41.1668,-74.0496,80.44,74,99,5.84
515,Arroyo,ES,2022-07-16 22:14:55,41.6096,-4.7969,87.6,31,0,9.22
516,Xique-Xique,BR,2022-07-16 22:14:56,-10.8218,-42.7263,78.44,47,0,3.38
517,Santiago De Cao,PE,2022-07-16 22:14:56,-7.9589,-79.2392,62.73,77,100,6.91
518,Saint-Georges,GD,2022-07-16 22:10:50,12.0564,-61.7485,80.28,83,20,23.02
519,Sfantu Gheorghe,RO,2022-07-16 22:14:57,45.8667,25.7833,61.27,53,7,2.26
520,Conakry,GN,2022-07-16 22:14:57,9.538,-13.6773,79.72,81,89,8.39
521,Tchibanga,GA,2022-07-16 22:14:58,-2.85,11.0333,65.62,95,75,3.38
522,Bethanien,NA,2022-07-16 22:14:58,-26.502,17.1583,58.8,25,0,11.3
523,Likasi,CD,2022-07-16 22:14:59,-10.9814,26.7333,56.97,53,1,4.94
524,Mehamn,NO,2022-07-16 22:14:59,71.0357,27.8492,51.75,93,100,21.85
525,Sao Gabriel Da Cachoeira,BR,2022-07-16 22:15:00,-0.1303,-67.0892,80.17,77,95,1.61
526,Santa Maria,BR,2022-07-16 22:15:00,-29.6842,-53.8069,53.74,93,100,15.28
527,Soledade,BR,2022-07-16 22:15:01,-28.8183,-52.5103,49.73,98,95,13.09
528,Muriti,TZ,2022-07-16 22:15:01,-1.9833,32.9167,73.71,64,14,5.23
529,Togur,RU,2022-07-16 22:15:01,58.3631,82.8265,53.8,98,100,3.44
530,San-Pedro,CI,2022-07-16 22:15:02,4.7485,-6.6363,75.27,86,95,9.82
531,Timizart,DZ,2022-07-16 22:15:03,36.8,4.2667,77.67,50,0,5.95
532,Paamiut,GL,2022-07-16 22:15:03,61.994,-49.6678,41.5,84,90,10.18
533,Saint-Joseph,RE,2022-07-16 22:15:04,-21.3667,55.6167,67.21,76,17,14.45
534,Chingirlau,KZ,2022-07-16 22:15:04,51.095,54.0814,70.63,63,53,7.92
535,Bol,TD,2022-07-16 22:15:05,13.4586,14.7147,79.21,75,99,5.91
536,Shahrud,IR,2022-07-16 22:15:05,36.4182,54.9763,75.79,29,0,6.42
537,Esmeraldas,BR,2022-07-16 22:15:06,-19.7625,-44.3139,74.26,47,44,1.92
538,Liverpool,GB,2022-07-16 22:15:06,53.4106,-2.9779,66.74,73,0,4.61
539,Havelock,US,2022-07-16 22:15:07,34.8791,-76.9013,86.05,77,0,11.5
540,Thinadhoo,MV,2022-07-16 22:15:08,0.5333,72.9333,82.83,78,45,11.72
541,Outjo,NA,2022-07-16 22:15:08,-20.1167,16.15,54.97,33,0,10.25
542,Koupela,BF,2022-07-16 22:15:09,12.1794,-0.3517,76.69,67,100,4.79
543,Camamu,BR,2022-07-16 22:15:09,-13.9447,-39.1039,69.19,88,1,2.86
544,Wexford,IE,2022-07-16 22:15:10,52.3342,-6.4575,62.22,77,100,6.26
545,Eufaula,US,2022-07-16 22:15:10,31.8913,-85.1455,89.64,51,0,6.91
546,Ushirombo,TZ,2022-07-16 22:15:11,-3.4919,31.9639,67.33,43,42,3.89
547,Tibiri,NE,2022-07-16 22:15:11,13.5627,7.0485,81.46,63,98,9.19
548,Ancud,CL,2022-07-16 22:15:11,-41.8697,-73.8203,45.23,91,100,25.88
549,Dubti,ET,2022-07-16 22:15:12,11.7361,41.0853,91.33,40,97,5.19
550,Antofagasta,CL,2022-07-16 22:15:12,-23.65,-70.4,56.48,64,0,10.2
551,Wladyslawowo,PL,2022-07-16 22:15:13,54.7909,18.4009,54.01,80,50,8.59
552,Sao Miguel,BR,2022-07-16 22:15:28,-5.4667,-35.3667,74.17,90,28,14.85
553,Poykovskiy,RU,2022-07-16 22:15:29,61.2333,73.3333,59.29,77,0,6.71
554,Tete,MZ,2022-07-16 22:15:30,-16.1564,33.5867,64.49,77,75,6.91
555,Chongwe,ZM,2022-07-16 22:15:30,-15.3292,28.682,48.78,56,0,3.96
556,Praia,CV,2022-07-16 22:15:31,14.9215,-23.5087,77.54,78,75,11.5
557,Ranchpar,AM,2022-07-16 22:15:31,40.0275,44.367,84.49,30,0,11.5
558,Kalmunai,LK,2022-07-16 22:15:32,7.4167,81.8167,80.19,75,100,6.69
559,Hrodna,BY,2022-07-16 22:15:32,53.6884,23.8258,51.03,96,100,5.12
560,Kibala,TD,2022-07-16 22:15:33,9.1104,18.3463,73.26,91,99,3.31
561,Edd,ER,2022-07-16 22:15:34,13.9297,41.6925,89.94,65,100,2.06
562,Alibag,IN,2022-07-16 22:15:34,18.6411,72.8792,82.47,86,92,19.35
